author,comment,timestamp,like_count,tipe_produk,brand,segment,release_date,sentiment
@Koral-ahh,orang orang concern amat yak ama bentuk kamera. kalo gw sih ga terlalu ya. paling berapa detik sih kita mandangin belakang kamera,2024-11-17T04:03:12Z,0,Xiaomi 14T,Xiaomi,Flagship,September 2024,Neutral
@inanana1654,bang kalo test kamera coba tempat lain dong jgn monoton muluğŸ˜…,2024-11-17T03:42:40Z,0,Xiaomi 14T,Xiaomi,Flagship,September 2024,Neutral
@WandyMH44,"Kenapa Xiaomi klo pas hp nya panas buka kamera nge lag2ğŸ˜‚, hasil video pun patah patahğŸ˜­",2024-11-15T23:58:08Z,0,Xiaomi 14T,Xiaomi,Flagship,September 2024,Negative
@SahatNainggolan-i5l,"Ini hp ada bypass charging gak sih,, aku cari2 di setting kok ga Nemu. Biar nyaman aja main game sambil ngecas.",2024-11-15T02:21:11Z,0,Xiaomi 14T,Xiaomi,Flagship,September 2024,Negative
@prisnrev5265,"Saya tadi baca komen ada yg tanya apakah 14T cocok buat nonton film, youtube, netflix, instagram, dan tiktok,  
nah itulah mayoritas pengguna Hp adalah orang awam,,, kalo cuma penggunaan di atas ngapain beli 14T ,,,, cukup beli aja redmi 14C yg harga 1 jutaan yg walaupun spek nya cukupan (  8/256 ) tapi hal lain nya teknologi rendah ( prosesor 12 nm,  ram DDR4x,, memory internal cuma jenis emmc 5.1 dan kamera juga standar gak istimewa).

kalo cuma pemakaian ringan gitu ya gak perlu beli 14T yg mahal, cukup beli HP 1 jutaan aja yakni 14C 
worth it lah kan sama sama angka 14, cuma beda nya huruf T di ganti C, tapi beda di kata depan, xiaomi 14T dan Redmi 14C, 
jadi cukup beli redmi 14 C ( poco C75) atau pilih Redmi 13c ( poco c65 )= serba 1,5 jutaan.
Xiaomi 14 T itu kan kelas semi flagship,,, kamera unggul dan chipset unggul ( 4 nm prosesor,  Ram DDR 5x, dan memory jenis UTS 4.0 , meski bukan yg terunggul ( belum pabrikasi 3nm), jadi 14 T itu buat hobi fotografi dan game enthusiast,, nah kalo cuma hal ringan yg sudah di sebutkan di atas itu terlalu berlebihan kalo beli 14T,,, cukup redmi 14C atau 13C,, tapi maklum orang pada awam,, jadi mau nya beli 14T aja ya terserah kalo duit banyak.

Sedangkan saya lain lagi, mau beli poco m6 pro dgn alasan itu HP gorilla glass 5 termurah ( 2,7 juta) daripada Redmi Note 13 pro yg sma punya gorila glass 5 tapi mahal ( versi 4 G = 3,5 jt, dan versi 5G = 4 juta).
Itu calon HP pengganti redmi note 10 5G ( pelindung layar gorilla glass 3) yang setelah jatuh puluhan kali selama dua tahun akhirnya RETAK juga kaca nya meski LCD gak kena. Makanya saya ogah beli HP gorilla glass 3 lagi,,,yakni redmi note 13 ( tanpa pro) cuma gorilla glass 3,  NO worth it to buy
data : 
- Gorilla glass 3 maksimal ketinggian jatuh = 1 meter,  
- Gorilla glass 5 maksimal ketinggian jatuh 1,2 meter, 
- Gorilla glass 6 maksimal ketinggian jatuh 1,6 meter
- Gorilla glass victus maksimal ketinggian jatuh 2 meter.
Sedangkan kekuatan anti goresan ( Scratch) antara keempat jenis itu SAMA, beda nya ketahanan jatuh nya di ketinggian yg lebih tinggi untuk jenis gorila glass yg lebih mahal
 Makanya HP merk Infinix, techno dan Itel, semua itu Gak Akan Pernah masuk daftar pembelian saya karena cuma Hp gimmick,,tanpa pelindung layar,,, kalo cuma temper glass yg di pasang tukang konter HP itu mubazir malah mengurangi kenyamanan alias sensitivitas sentuh kurang respon.
Si Finix alias Kingfinix ( sebutan oleh fans buta nya) itu ada kabar katanya GPS langsung error ketika Hp jatuh, dan jangan kan kaca nya malah LCD nya pun ikut rusak ketika jatuh.Tapi masih ada aja fans buta nya kingfinix dan gerombolan nya ( Itel, Techno) yg tetap aja di beli. Mereka gak tau bahwa Hp abal abal itu meski gembar gembor spek lumayan tinggi buat gamer tapi Gak Di sadari bahwa Hp gimmick itu sangat minim perangkat pendinginan internal nya ( bukan fan atau blower external) maka pasti seiring kenaikan suhu dan pemakaian terus menerus di pasti kan umur Hp gak bertahan lama,,, mungkin di bawah satu tahun sudah MATOT.",2024-11-13T18:51:18Z,0,Xiaomi 14T,Xiaomi,Flagship,September 2024,Positive
@prisnrev5265,"WAJAR lah lubang Jack 3,5 mm di hilangkan, kan ini HP flagship itu IP68 alias tahan rembesan air untuk kedalaman 1,5 meter selama 30 memit,,, jadi logika nya kalo ada itu lubang Jack audio malah HP jadi rusak kemasukan air.
ok jadi harus cerdas kalo mau mau komplen( komplen jack audio gak ada)",2024-11-13T16:47:27Z,0,Xiaomi 14T,Xiaomi,Flagship,September 2024,Positive
@danangbagus2998,Modelnya kerenan 13t jauuuuh,2024-11-13T15:05:34Z,0,Xiaomi 14T,Xiaomi,Flagship,September 2024,Negative
@danangkzet,Kok mirip X6 pro ya,2024-11-13T14:40:54Z,0,Xiaomi 14T,Xiaomi,Flagship,September 2024,Neutral
@hesoyam_greedisgood,"seperti biasa, garansi ambiguğŸ˜‚",2024-11-13T04:29:18Z,0,Xiaomi 14T,Xiaomi,Flagship,September 2024,Negative
@titausman,"Nonton ini pake xiaomi 13T, ganti enggak yaaaaa ke 14T ğŸ¤”",2024-11-13T03:18:53Z,0,Xiaomi 14T,Xiaomi,Flagship,September 2024,Neutral
@cebongjantan1370,"Sedikit kisah kaum mendang mending:

Sejak tahun 2016 saya kenal xiaomi, makin kesini lebih suka Varian xiaomi daripada redmi dan poco. Btw, dulu Redmi dan Mi adalah varian dari xiaomi, cuma sekarang udah dipisah dan menghilangkan logo ""MI"" dibelakang hp nya.
Awal kali kenal brand xiaomi, saya beli
-- redmi 3, Tahun 2016
-- Kemudian ganti ke Mi5 tahun 2017 (beli second), akhirnya suka ke Seri xiaomi Mi.
-- Trus ganti ke Vivo V6 pro pada november 2018. ternyata tidak lebih baik dari expektasi, gaming lemot akhirnya pakai 2 bulan langsung simpan di lemari.
-- beli lagi Xiaomi Mi8 di januari 2019 dan dipakai sampe sekarang.
-- Note : untuk Mi8
Sudah 3x ganti battery, karena hampir 6 tahun ini saya selalu colok charger setiap mau tidur, dan dicabut pas pagi. Beberapa kali jatoh ke lantai, sering kehujanan, beberapa kali jatoh dan kesiram, pernah nyemplung ke akuarium,
Kondisi sekarang : layar normal, kaca kamera normal, speaker normal, tombol volume macet, IR face unlock normal, kualitas kamera tidak menurun, low light tidak lebih jelek dari poco F5, touchscreen aman, brightnes dibawah matahari masih sangat terang, dipake main pubg smooth extreme tapi rata rata cuma 50-58 fps dan wajib pake kipas.
Dan satu lagi, saya tulis komentar ini sambil nge cas ğŸ˜‚ğŸ˜‚ğŸ˜‚.
Pengen buktikan klo ini fakta, tapi gak bisa bikin video ğŸ˜‚ğŸ˜‚ğŸ˜‚
Setidaknya ini udah cukup bikin saya percaya untuk varian Xiaomi series.",2024-11-12T15:38:40Z,1,Xiaomi 14T,Xiaomi,Flagship,September 2024,Positive
@3kjenius761,Mirip mirip Poco x6 pro spek nya,2024-11-12T02:58:26Z,0,Xiaomi 14T,Xiaomi,Flagship,September 2024,Neutral
@Mamshareen,"Masih nnton dg hp xiaomi note 10 pro, bingung mau ambil ini apa engga, kalo buat video/ live kira2 worth ga yg ga cepet panas hapenya ğŸ™ˆ",2024-11-12T02:05:41Z,0,Xiaomi 14T,Xiaomi,Flagship,September 2024,Neutral
@omak18,Nyimak nonton pakai 13T,2024-11-11T19:09:18Z,0,Xiaomi 14T,Xiaomi,Flagship,September 2024,Neutral
@kalbu669,ğŸ‘,2024-11-11T15:57:16Z,0,Xiaomi 14T,Xiaomi,Flagship,September 2024,Positive
@Lord77793,"Setelah pakai nih hp,dan ada masalah yg cukup serius,ketika buka konten warna abuÂ² dibrightness sekitar 10% diruangan gelap,keliatan layar nya bergaris,jujur aja saya baru liat pas malam hari dikamar yg lampu nya saya matikan,ini masalah yg cukup serius di x14t karena buka saya saja yg kena layar bergaris kek gitu,tapi hapir semua user x14t dan pro mengalami hal serupa,semoga bang david bisa notice komen saya biar xioami bisa selesaikan masalah ini,terutama bagi kami user yg udah terlanjur beli,oh iya ada juga user yg coba konsultasi klaim garansi ke sc xioami dan masalah ini tidak diterima pihak sc.ğŸ˜¢",2024-11-10T18:58:13Z,7,Xiaomi 14T,Xiaomi,Flagship,September 2024,Negative
@AZainal-g9d,"xiaomi ga konsisten masalah model, gada ciri khas. padahal yg xiaomi 13t udh keren. kok ga dipertahankan. sisa warna yg di ubah",2024-11-10T07:19:49Z,0,Xiaomi 14T,Xiaomi,Flagship,September 2024,Negative
@wesben..7311,di sangkanya  ntar malah kayak  realmi 8i ğŸ˜‚,2024-11-10T04:12:10Z,0,Xiaomi 14T,Xiaomi,Flagship,September 2024,Neutral
@TyrionLannisdut,Kontennya dapid udah kyk film avatar. Bisa pindah 60fps saat adegan tertentu ğŸ˜® (entah kontennya atau sinyal hp gw yg ga stabil),2024-11-09T12:16:31Z,0,Xiaomi 14T,Xiaomi,Flagship,September 2024,Positive
@MuhammadAzzubair-pr4md,Bismillah semoga kebeli,2024-11-09T10:09:59Z,1,Xiaomi 14T,Xiaomi,Flagship,September 2024,Positive
@asuha4578,"Blum ada duit, Nunggu 15t ajalah",2024-11-08T14:35:25Z,0,Xiaomi 14T,Xiaomi,Flagship,September 2024,Neutral
@sahrulgunawan14,xiomi 14 t apa xiomi 14 ya,2024-11-07T13:17:06Z,0,Xiaomi 14T,Xiaomi,Flagship,September 2024,Neutral
@pbb_nurul_jihad,Bru kali ini Nemu hp 5-6jtaan video 4k 60fps stabil bjir,2024-11-07T05:44:23Z,0,Xiaomi 14T,Xiaomi,Flagship,September 2024,Positive
@DragonEmperor_LimLengTi,"Sempat compare di xiaomi store 13t vs 14t, utk warna jingga (logo xiaomi) tangkapan 13t jingga sedangkan 14t mendekati merah.",2024-11-06T04:58:35Z,0,Xiaomi 14T,Xiaomi,Flagship,September 2024,Neutral
@KamarGoah,Yang harus belajar dari Xiaomi ke Vivo dan infinix : managemen sinyal selular.,2024-11-06T03:32:20Z,0,Xiaomi 14T,Xiaomi,Flagship,September 2024,Negative
@puciasrianti1087,"Kakaku beli ini , kameranya stabil malah berasa ngalahin ip 15 punyakuğŸ˜¢",2024-11-05T23:32:54Z,1,Xiaomi 14T,Xiaomi,Flagship,September 2024,Positive
@pitvikernes,"Damn, kerapetan pixelnya 2 micron ğŸ˜±",2024-11-05T16:36:08Z,1,Xiaomi 14T,Xiaomi,Flagship,September 2024,Positive
@mfiqihmaulanaardi6192,Wkwk camera kek bodrexğŸ˜‚,2024-11-05T13:59:21Z,1,Xiaomi 14T,Xiaomi,Flagship,September 2024,Negative
@Aldy-ln7ig,"Istri senang bngt hp merk xiaomi dr dl,saya suka samsung,perbedaan yg selalu dibahas klau ada mslah di hp..ğŸ˜‚ğŸ˜‚",2024-11-05T02:33:49Z,0,Xiaomi 14T,Xiaomi,Flagship,September 2024,Positive
@Abdullah-wg8ij,"Saya masih setia pakai mi 10 t pro ,masih gahar sampe sekarang belum serfis meski jatuh berapa kaliğŸ˜…ğŸ˜Š",2024-11-04T14:50:43Z,0,Xiaomi 14T,Xiaomi,Flagship,September 2024,Positive
@andikardian9014,"Klo menurut sy daripada desain kamera house segitiga, atau prisma, atau jajargenjang atau desain2 hp gaming seperti rog atau black shark sih udah mending kotak biasa aja.

Mungkin hp2 gaming tersebut performanya tinggi, tapi desainnya justru norak. Mending hp desain humble tapi buat gaming bisa lah.

Itu menurut selera pribadi yg tidak suka desain kamera aneh2.",2024-11-04T14:01:22Z,0,Xiaomi 14T,Xiaomi,Flagship,September 2024,Positive
@pahri5515,pengalaman claim garansi xiomi diservice center cuma ngasih device doank langsung proses tanpa dipersulitâ¤,2024-11-04T13:55:41Z,0,Xiaomi 14T,Xiaomi,Flagship,September 2024,Positive
@KangRikiChannel,"KAPOK beli Xiaomi 14T.. Pake kamera bentar aja (foto, video) hp cepet PANAAASSS...! Komplain ke Xiaomi Official Indonesia gak ditanggepin..",2024-11-04T13:02:58Z,2,Xiaomi 14T,Xiaomi,Flagship,September 2024,Negative
@zraustin99,"dari 13T up ke 14T, all i can say is this phone could answer almost all of your 13T issues. kamera depan, massive improvement; kamera belakang, big improvement; chipset, 13T was excellent but this beast even better; storage and ufs type, improve! soal experience sangat2 menambal kekurangan2 13T. tp 2 issue besar yang masih sama, panas dan batrenya ngocorr. sedikit lebih baik dr 13T tapi, masih butuh improvement. adiosğŸ˜ğŸ¤",2024-11-03T19:01:01Z,1,Xiaomi 14T,Xiaomi,Flagship,September 2024,Positive
@khotibulkahn1544,Yang xiaomi 13t aja blm keturutan ğŸ˜‚,2024-11-03T10:43:01Z,0,Xiaomi 14T,Xiaomi,Flagship,September 2024,Negative
@fahrurrazikin6876,Gara-gara design kamera minat langsung kurang 50%,2024-11-03T09:47:14Z,0,Xiaomi 14T,Xiaomi,Flagship,September 2024,Negative
@dentaandikaputra6141,suka ama hp yang ngotak ama belakang nya datarğŸ˜‚,2024-11-03T06:20:18Z,0,Xiaomi 14T,Xiaomi,Flagship,September 2024,Positive
@abdumuhammad6454,"Boleh minta sarannya bang kalo untuk kebutuhan nonton film, youtube, netflix, musik, instagram, tiktok, pilih yang 14T atau yg 14T pro ya?",2024-11-03T02:33:30Z,0,Xiaomi 14T,Xiaomi,Flagship,September 2024,Neutral
@lauhilFR9761,Hp impian,2024-11-02T09:08:05Z,0,Xiaomi 14T,Xiaomi,Flagship,September 2024,Positive
@PradityaDharmawansUtama,"Casing yang bagus untuk Xiaomi 14t yang seperti apa ya?, mohon bantuannya ğŸ™",2024-11-02T08:03:07Z,0,Xiaomi 14T,Xiaomi,Flagship,September 2024,Positive
@bobbymiracle4884,"Saya pengguna Xiaomi 14T
Plus
1. Gaming kenceng rata kanan
2. Build quality kokoh
3. Kamera racikannya oke sangat
4. Ga Ada iklan Sama sekali
5. Face and fingerprint sangat responsif
6. Haptic feedback Yang terkesan premium
7. Speaker suaranya bulet Dan lantang

Minus
1. Baterai lumayan Boros (6 jam an)
2. Ga ada audio jack 3,5mm
3. Hp gampang hangat Karena chipset Yang powerful meskipun cuma daily use Tanpa gaming 
4. Buat gaming rata tengah ke kanan cenderung panas namun tidak berlebih

Silahkan Tanya"" kalau penasaran sesuatu dari Xiaomi 14TğŸ§ğŸ§",2024-11-01T19:11:15Z,29,Xiaomi 14T,Xiaomi,Flagship,September 2024,Positive
@TioAyubXiaomi,Nonto XIOME 14 T selama Seminggu â¤â¤â¤â¤,2024-11-01T09:32:42Z,1,Xiaomi 14T,Xiaomi,Flagship,September 2024,Positive
@HandDyka,Alhamdulillah udh kebelik mantul lah lucu nya lagi pernah tanding lawan hp temen ip 15 malah bagusan 14 t pro Wkwowkwo,2024-11-01T04:07:42Z,2,Xiaomi 14T,Xiaomi,Flagship,September 2024,Positive
@alexjacsen3399,Cepat panassss,2024-10-31T05:50:58Z,0,Xiaomi 14T,Xiaomi,Flagship,September 2024,Negative
@ruslanidris2546,"Mantap,, moga makin memudahkan bagi pecinta hape n kontenğŸ˜Š",2024-10-30T19:19:13Z,0,Xiaomi 14T,Xiaomi,Flagship,September 2024,Positive
@sitinormahabdulrahim1099,Buat gaming bagus gak,2024-10-29T14:03:24Z,0,Xiaomi 14T,Xiaomi,Flagship,September 2024,Neutral
@revandika666,Hp gacha ngga nih?,2024-10-29T11:28:15Z,0,Xiaomi 14T,Xiaomi,Flagship,September 2024,Neutral
@bxrxxy,"mungkin sekarang produsen udah pada nyadar dan cape sendiri buat gencarin gimik desain dalam artian tampilan (bukan fungsional/experience/teknis) yg sejuta persen gak guna.
bagus deh.",2024-10-29T08:44:02Z,0,Xiaomi 14T,Xiaomi,Flagship,September 2024,Positive
@aichi13,Alhamdulillah udh kebeli hpnya,2024-10-29T08:16:25Z,0,Xiaomi 14T,Xiaomi,Flagship,September 2024,Positive
@SekotMendeng,Apalah daya....nonton hp mahal cuman pake itel p55ğŸ˜…...,2024-10-29T08:06:21Z,1,Xiaomi 14T,Xiaomi,Flagship,September 2024,Neutral
@RakhaPS001,Semoga yg niat beli hp apapun dimudahkan,2024-10-29T00:06:02Z,0,Xiaomi 14T,Xiaomi,Flagship,September 2024,Positive
@PaendongJr-vv7pl,UI Xiaomi jelek,2024-10-28T14:53:39Z,0,Xiaomi 14T,Xiaomi,Flagship,September 2024,Negative
@izarisouei8910,"Wuih panas ya buat game, oke fix poco f6 aman nih buat budget 5/6jutaanğŸ˜…",2024-10-28T09:53:05Z,0,Xiaomi 14T,Xiaomi,Flagship,September 2024,Negative
@ImamGhazaly-nq4bg,Dan ini adalah rekomendasi terbaik :),2024-10-28T06:29:19Z,0,Xiaomi 14T,Xiaomi,Flagship,September 2024,Positive
@dirarizki1403,Bismillah kebeli sebelum lebaran,2024-10-27T23:09:58Z,0,Xiaomi 14T,Xiaomi,Flagship,September 2024,Positive
@alfirmansyah1989,"Aku baru keluar udah beli ko,emang desainnya biasa aja,tergantung selera masing2.tapi kalo soal kinerjanya si gk usah diragukan lagi,apa lagi beli yg PRO.semua tergantung dikita yaa,sesuai kemampuan kita aja,jangan dipaksa,selalu bersyukur hp apa aja yg kita punya harus bersyukur,kalo memang ada rezeki lebih why not ğŸ¤—",2024-10-27T11:56:55Z,0,Xiaomi 14T,Xiaomi,Flagship,September 2024,Positive
@muhammadhafid1792,mantap bang buat ilmu tentang hp,2024-10-26T06:15:22Z,0,Xiaomi 14T,Xiaomi,Flagship,September 2024,Positive
@CahkonoOmahekene,"suka cari vidionya, nabung dulu biar dapat yang 14T",2024-10-25T16:52:20Z,0,Xiaomi 14T,Xiaomi,Flagship,September 2024,Positive
@baron5868,Tetap yg jadi ciri khas xiaomi itu hasil record video warnanya lebih ke pucet,2024-10-25T11:37:43Z,0,Xiaomi 14T,Xiaomi,Flagship,September 2024,Negative
@sucyromanda2270,"Pas pertama kali liat, cinta nya itu gara2 design",2024-10-25T02:44:01Z,0,Xiaomi 14T,Xiaomi,Flagship,September 2024,Positive
@kanjengdarto9136,Njir bisa 4k60 gila sih,2024-10-25T00:38:03Z,0,Xiaomi 14T,Xiaomi,Flagship,September 2024,Positive
@kretek2183,malah niru infinix,2024-10-25T00:16:26Z,0,Xiaomi 14T,Xiaomi,Flagship,September 2024,Negative
@AunorGaming,skin B aja ğŸ˜­,2024-10-24T17:30:38Z,0,Xiaomi 14T,Xiaomi,Flagship,September 2024,Neutral
@Allvaro0zh0ra,"Lebaran masih jauh omm , tunggu tahun depan .. yg deket bentar lagi mau Natal ğŸ‰ğŸ‰ğŸ‰ğŸ‰",2024-10-24T05:15:28Z,0,Xiaomi 14T,Xiaomi,Flagship,September 2024,Positive
@adtybma2969,"Berarti 13 T masih menang, desain 14 T buruk kamera ada gimmicknya yaitu lampu flash kamera belakang dibikin terlihat seperti kamera ğŸ˜‚, kek HP murahan ğŸ˜‚",2024-10-23T23:44:20Z,0,Xiaomi 14T,Xiaomi,Flagship,September 2024,Negative
@tobitobias6878,"Saya pengguna 13T, udah 2 minggu nyobain 14T. Jujur kecewa banget sama kameranya. Resolusi emang lebih gede, tapi sensor lemah, susah fokus, pencahayaan otomatisnya terlalu terang. Hasil foto 13T jauh lebih detail meskipun secara warna 14T lebih real. Entah saya yang dapat produk gagal ato gimana, tp kecewa banget pake 14T. Layar jg lebih tajam 13T menurut saya. Moga2 bisa retur si 14T ini dan duit saya balik.",2024-10-23T18:44:22Z,0,Xiaomi 14T,Xiaomi,Flagship,September 2024,Negative
@SarkowRury,"Haduh bang kpn bisa kebeli hp semahal itu mw beli untuk anak harga 2,5 jta aja masih nabung beberapa bulan sampai skranng aj belum kebeli bang ğŸ˜¢",2024-10-23T11:36:16Z,0,Xiaomi 14T,Xiaomi,Flagship,September 2024,Negative
@mahendaulia6449,"Bang, mending yang 14T aja atau 14T Pronya bang?",2024-10-23T03:52:49Z,0,Xiaomi 14T,Xiaomi,Flagship,September 2024,Neutral
@storyrahman,Rajanya hp dipasaran menengah kebawah,2024-10-23T03:38:36Z,0,Xiaomi 14T,Xiaomi,Flagship,September 2024,Positive
@radityaputra2103,"Untuk Smartphone harga 6 jutaan, xiaomi 14T udah oke banget... chipnya juga udah dimensity 8300-ultra yang super kenceng. Dari spek lain juga performanya termasuk bagus dibandingin yg harga 6 jutaan lain. Kalau masalah desain, memang simple, tapi saya malah suka yang nggak aneh-aneh.... tapi itu subjektif juga sih. Yang jelas menurut saya xiaomi 14T udah oke banget...",2024-10-23T03:09:40Z,0,Xiaomi 14T,Xiaomi,Flagship,September 2024,Positive
@RidwanApriansyah-k3w,Bagus kok desain belakangnya,2024-10-23T01:57:30Z,0,Xiaomi 14T,Xiaomi,Flagship,September 2024,Positive
@indra4941,"Temen saya langsung beli yang baru riliss , sekarang mau dilelang baru pakek sudah panasğŸ˜‚ğŸ˜‚ğŸ˜‚",2024-10-23T00:12:52Z,0,Xiaomi 14T,Xiaomi,Flagship,September 2024,Negative
@astrakanovic5548,Coba versus kan dgn iphone 13 bisa bersaing ga?,2024-10-22T23:26:33Z,0,Xiaomi 14T,Xiaomi,Flagship,September 2024,Neutral
@arashiyukie6019,Makanya beli yg item supaya nutup desainnnya,2024-10-22T20:26:47Z,0,Xiaomi 14T,Xiaomi,Flagship,September 2024,Neutral
@MnopalA,Vs in vivo v27 5g,2024-10-22T17:36:37Z,0,Xiaomi 14T,Xiaomi,Flagship,September 2024,Neutral
@iyans.0178,agak kureng emang ğŸ˜…,2024-10-22T11:30:20Z,0,Xiaomi 14T,Xiaomi,Flagship,September 2024,Negative
@sunmode2000,Xiaomi 14T ini bisa kamera sinematik gk ya,2024-10-22T06:08:39Z,0,Xiaomi 14T,Xiaomi,Flagship,September 2024,Neutral
@dikanursy7153,Kamera kayak bodrexğŸ˜‚ğŸ˜‚,2024-10-22T05:50:30Z,0,Xiaomi 14T,Xiaomi,Flagship,September 2024,Negative
@yungkrimalindo6946,"ntn pakai 13t, baru aja beli skrg kluar 14 t",2024-10-22T04:46:13Z,0,Xiaomi 14T,Xiaomi,Flagship,September 2024,Neutral
@saydilummahummah5597,"Produk hp Xiaomi memang mantep sih gw dh beberapa kali ganti hp dari mi 4i, note 4 pro, redmi 5, dan sekarang note 10 5g, dan gw aku in semuanya tahan banting semua, mantep sih walau produk cina tapi bisa sekuat ini ğŸ‘ğŸ‘ğŸ‘",2024-10-22T03:25:02Z,0,Xiaomi 14T,Xiaomi,Flagship,September 2024,Positive
@k1gsulk,Alhamdulillah gw bisa komen vidio bang David pakai Xiaomi 14T gokil keren habis,2024-10-21T16:14:43Z,4,Xiaomi 14T,Xiaomi,Flagship,September 2024,Positive
@villagercats,"Saya udh 2 minggu pakai 14T, Alhamdulillah puas n seneng bgt karena udah 8 thn gak ganti HP sama sekali (oppo F1s). Semoga 14 T ini hape jangka panjang saya selanjutnya...",2024-10-21T15:51:51Z,1,Xiaomi 14T,Xiaomi,Flagship,September 2024,Positive
@fathur_r95,Gue udah beli ini hp Xiaomi 14T  di platform S****e pas event 10.10 & lumayan juga dpt harga diskon Rp6.650.000 utk 12GB/512GB ğŸ˜,2024-10-21T14:18:47Z,0,Xiaomi 14T,Xiaomi,Flagship,September 2024,Positive
@mikamasamoto5748,"Habis beli ...serius , klo liat langsung desain nya menurut gw cakep banget",2024-10-21T13:56:25Z,0,Xiaomi 14T,Xiaomi,Flagship,September 2024,Positive
@cevinislamnuresa5872,Xiaomi 14T/pro itu Audio nya Support DolbyAtmos atau engga ya manteman?,2024-10-21T13:04:02Z,0,Xiaomi 14T,Xiaomi,Flagship,September 2024,Neutral
@ahmadibrahim1124,Desainya mirip kartu gaple bang david tau kan kartu gaple balax empat ğŸ˜‚ğŸ˜‚,2024-10-21T12:25:58Z,1,Xiaomi 14T,Xiaomi,Flagship,September 2024,Positive
@anandhasatria4226,"Bang review fitur keamanannya gimana dong apa masih sama aja, kan lagi marak hack hp Android",2024-10-21T11:01:51Z,0,Xiaomi 14T,Xiaomi,Flagship,September 2024,Neutral
@nandasan552,Demen 13 t sih,2024-10-21T09:49:55Z,0,Xiaomi 14T,Xiaomi,Flagship,September 2024,Negative
@hanzei4181,Gua yg masih di mi 10t pro : ğŸ—¿ğŸ—¿,2024-10-21T08:43:14Z,1,Xiaomi 14T,Xiaomi,Flagship,September 2024,Neutral
@simpansemur,"gasuka bentuk kamera blgkgnya, gede banget kek norak gtğŸ˜¢",2024-10-21T08:12:40Z,0,Xiaomi 14T,Xiaomi,Flagship,September 2024,Negative
@Roronoa97,Design kena NerfğŸ˜…,2024-10-21T08:09:42Z,0,Xiaomi 14T,Xiaomi,Flagship,September 2024,Negative
@cracxerz,"Dari jaman 9T seri T di xiaomi emang paling layak ditunggu karna design, spek dan harganya yg flagship killer, tp kali ini di seri 14 design kamera aja sih yg kureng selebihnya tetep gokil di rentang harganya",2024-10-21T06:36:53Z,0,Xiaomi 14T,Xiaomi,Flagship,September 2024,Neutral
@randyhartanto5061,Kesannya kek Poco X6 Pro yg di ganti baju doang ğŸ¥²,2024-10-21T05:28:40Z,0,Xiaomi 14T,Xiaomi,Flagship,September 2024,Negative
@bennyfaisal6105,Pengen ganti tpi xiomi 12 lite baru setahun n kmrin beli samsung A55 buat istri.... Next try sj lach thun depan.... ğŸ˜®â€ğŸ’¨ Pernah beli 10 t pro matot...,2024-10-21T01:58:12Z,0,Xiaomi 14T,Xiaomi,Flagship,September 2024,Neutral
@rihardesoskar8779,"masalah desain hp sekarang saling gede gede kamera, cuman rog phone 8 menurut gw desain mewahğŸ˜†",2024-10-21T00:50:28Z,0,Xiaomi 14T,Xiaomi,Flagship,September 2024,Neutral
@yusufsaefuloh-j7d,"emang si desain modul kameranya kureng banget, udah terlalu umum sekarang si, kurang wah",2024-10-20T14:02:02Z,0,Xiaomi 14T,Xiaomi,Flagship,September 2024,Negative
@Allvisboy97,Mengapakah Xiaomi di tahun 2024 menjadi panas Dan lagging,2024-10-20T12:05:25Z,0,Xiaomi 14T,Xiaomi,Flagship,September 2024,Negative
@bakwantv4998,"buat service center Xiaomi puas si, dulu ganti baterai poco F4 udah mepet abis garansi tapi masih bisa ganti + gratis.",2024-10-20T11:31:39Z,0,Xiaomi 14T,Xiaomi,Flagship,September 2024,Positive
@arielxns100,"Hpnya ngebug uey 
Buka tiktok video pertamanya ngefreeze",2024-10-20T05:24:30Z,0,Xiaomi 14T,Xiaomi,Flagship,September 2024,Negative
@NovoWijayanto,"Desain xiaomi,vivo,oppo tdk ada ciri khas sm skali..desain sesuai mood desainer mrk..",2024-10-20T02:10:12Z,0,Xiaomi 14T,Xiaomi,Flagship,September 2024,Negative
@RomeoRichard,"Desain boleh boring, tapi kalo bicara soal spek dan fitur emang hp 6 jutaan lain berani lawan ? SiapÂ² aja bonyok sih ğŸ˜",2024-10-20T00:56:47Z,0,Xiaomi 14T,Xiaomi,Flagship,September 2024,Positive
@39sui,"Harga segitu sih speknya udah cukup klo buat gw...
Soal design, gw ga ngaruh lah yg penting spek dan kualitasnya bagus..
Lagian ujung2nya klo udah beli hp pasti pada pake cover ( softcase,hardcase ) kan?ğŸ˜…
Daripada beli hp yg designnya bagus (spek cupu) tapi ujung2nya ketutupan cover juga..wkwkk",2024-10-19T22:45:49Z,0,Xiaomi 14T,Xiaomi,Flagship,September 2024,Positive
@delai86,"tadi saya test, AI nya payah, delete obyek aja gk sempurna, ada blurnya gt.",2024-10-19T13:26:38Z,0,Xiaomi 14T,Xiaomi,Flagship,September 2024,Negative
@nasitisiti6752,"Pingin beli tapi gak ada yg nemenin buat beli di konter apa lagi ke mol gak bisa,KLO beli online takutğŸ˜¢",2024-10-19T05:43:21Z,0,Xiaomi 14T,Xiaomi,Flagship,September 2024,Neutral
@rendisetiawan1909,"Secara tidak langsung David masih belum bisa move on dari 13T, dan memang sebagus itu untuk 13T kebetulan saya beli 13T atas rekomend David",2024-10-19T04:41:14Z,0,Xiaomi 14T,Xiaomi,Flagship,September 2024,Neutral
@zen.raigar,"Dr dulu pengen bener punya xiaomi yg versi T ini, mdah2an suatu hri bisa kbeli....amiinnn",2024-10-19T04:16:54Z,0,Xiaomi 14T,Xiaomi,Flagship,September 2024,Positive
@zen.raigar,"Dr dulu pengen bener punya xiaomi yg versi T ini, mdah2an suatu hri bisa kbeli....amiinnn",2024-10-19T04:16:45Z,1,Xiaomi 14T,Xiaomi,Flagship,September 2024,Positive
@proletar_,"aku pake 12T masih nyaman game sampai sekarang, versi T emang memuaskan",2024-10-19T02:12:48Z,0,Xiaomi 14T,Xiaomi,Flagship,September 2024,Positive
@thethemeetler,"Wah ternyata masih pake iklan di aplikasi bawaan ya. Makasih bang, auto gak beli",2024-10-19T00:05:15Z,0,Xiaomi 14T,Xiaomi,Flagship,September 2024,Negative
@Ar-v7v,Xiaomi 14t gw kok aneh ya? Kalau buat sosmedtan boros tapi kalau buat ngegame malah awet,2024-10-18T23:29:05Z,0,Xiaomi 14T,Xiaomi,Flagship,September 2024,Neutral
@tardhiansyah,downgrade design,2024-10-18T14:08:14Z,0,Xiaomi 14T,Xiaomi,Flagship,September 2024,Negative
@ardibaho7037,Poco f6 pro snap8gen2 ğŸ˜,2024-10-18T13:56:10Z,0,Xiaomi 14T,Xiaomi,Flagship,September 2024,Neutral
@wandiputra3826,Masih setia dengan renot 10ğŸ‰,2024-10-18T09:46:10Z,1,Xiaomi 14T,Xiaomi,Flagship,September 2024,Neutral
@RandomEditory,Alhamdulillah lihat pake hp ini 12+512,2024-10-18T09:20:39Z,2,Xiaomi 14T,Xiaomi,Flagship,September 2024,Positive
@wyea,Adakah rekomendasi midrange yang compact? ğŸ˜® Bosen hape segede bata-bata,2024-10-18T06:16:10Z,0,Xiaomi 14T,Xiaomi,Flagship,September 2024,Neutral
@CyzenTzy,Dana 7 jt mending ambil hp ap?,2024-10-18T04:28:07Z,0,Xiaomi 14T,Xiaomi,Flagship,September 2024,Neutral
@ahmadzarwantoni1211,Iphone 13 aatau 14T yah?,2024-10-18T03:59:52Z,0,Xiaomi 14T,Xiaomi,Flagship,September 2024,Neutral
@amroenroen,proteksi layarnya gorilla glass 5 ? di GSMarena kok nggak ditulis juga disitus resminya xiaomi juga nggak disebut,2024-10-18T03:27:47Z,0,Xiaomi 14T,Xiaomi,Flagship,September 2024,Neutral
@rafiffathurrahman7688,kok gw malah suka ya sama design nya. kyk beda ada ama yang lain,2024-10-17T15:46:15Z,0,Xiaomi 14T,Xiaomi,Flagship,September 2024,Positive
@cucuhidayati4837,Bingung wehh Xiaomi 13T apa poco x6 pro 5gğŸ˜¢,2024-10-17T11:17:51Z,0,Xiaomi 14T,Xiaomi,Flagship,September 2024,Neutral
@PierreNesar,Klo garansi cma ip juaranya,2024-10-17T10:08:05Z,0,Xiaomi 14T,Xiaomi,Flagship,September 2024,Neutral
@PierreNesar,"Berarti performa di hp 4,9 jt ekwk ğŸ˜‚ğŸ˜‚",2024-10-17T10:06:39Z,0,Xiaomi 14T,Xiaomi,Flagship,September 2024,Negative
@arisfadilahrevchanel2355,Alhamdulillah auto beli bang,2024-10-17T05:09:48Z,0,Xiaomi 14T,Xiaomi,Flagship,September 2024,Positive
@kiki_rizki1996,"bahas oddo bng, sklian maki mki wkwkwk",2024-10-17T02:47:11Z,0,Xiaomi 14T,Xiaomi,Flagship,September 2024,Negative
@arjunaputra1450,sip,2024-10-17T00:42:02Z,0,Xiaomi 14T,Xiaomi,Flagship,September 2024,Neutral
@adamtambunan7528,Tim yang masih makai Xiaomi 12T ditahun ini,2024-10-16T23:37:17Z,0,Xiaomi 14T,Xiaomi,Flagship,September 2024,Neutral
@yurizkaandriaputri1693,Kira2 kalo untuk konten mending IP 12 pro apa ini ya?mohon dibantu jawab ya para suhu,2024-10-16T23:28:50Z,0,Xiaomi 14T,Xiaomi,Flagship,September 2024,Neutral
@tammtamatam,"bagi saya kekurangan hp ini cuma 1 yaitu Design. gak banget ğŸ˜…
13T lumayan keren",2024-10-16T21:44:38Z,0,Xiaomi 14T,Xiaomi,Flagship,September 2024,Negative
@sansrazzy4818,"mulai mirip infinix,",2024-10-16T20:01:40Z,0,Xiaomi 14T,Xiaomi,Flagship,September 2024,Negative
@itprog7585,Lama kelamaan kami tau.. Kalau yg sulit itu ngecas cepet tp batre awet penggunaan real blutooth dll harus awet biar produsen liat,2024-10-16T19:03:50Z,0,Xiaomi 14T,Xiaomi,Flagship,September 2024,Negative
@itprog7585,Kami muak ngecas hp.. Batre culun,2024-10-16T19:02:31Z,0,Xiaomi 14T,Xiaomi,Flagship,September 2024,Negative
@itprog7585,"Bang kalau ngetest batre, blutooth nya nyalain.. Youtubenya nyalain, wifinya nyalain.. Real penggunaan",2024-10-16T19:02:12Z,0,Xiaomi 14T,Xiaomi,Flagship,September 2024,Neutral
@ddnur.alam_,Gg sih seri T ini,2024-10-16T16:52:58Z,0,Xiaomi 14T,Xiaomi,Flagship,September 2024,Positive
@Ryaaahu,"Pengen beli hp baru tapi semenjak kuliah,laptop lebih utama dah",2024-10-16T16:40:52Z,0,Xiaomi 14T,Xiaomi,Flagship,September 2024,Neutral
@alvineff,"Buat 7 jt kurang seribu, oke bgt sih ini, pake 3/4 thn sih masih aman jaya, Garansi 2 thn , Hp termasuk good all rounder, Chip set udah masuk kategori kelas kakap,  kl mau design bagusss bgt ya silahkan beli hp 12jt+++ (Baca Flagship) ada harga ada rupa. Good Job XiaomiğŸ‘",2024-10-16T15:36:55Z,1,Xiaomi 14T,Xiaomi,Flagship,September 2024,Positive
@alfanrodhimubarok6095,Klo sya mrasa di untungkan dngan desainnya. Klo di tanya ini cuma inpinix kok .murahğŸ˜‚ğŸ˜‚ğŸ˜‚ğŸ˜‚,2024-10-16T15:29:47Z,0,Xiaomi 14T,Xiaomi,Flagship,September 2024,Positive
@muhamadibdahabdilillah6299,10:39 kalo 14t perbandingannya ama yang sebelahnya si kayak ada efek pudar putih gitu gak si?,2024-10-16T12:00:50Z,0,Xiaomi 14T,Xiaomi,Flagship,September 2024,Negative
@andrieruslan5419,"Garansi terbaik, sy pake 12T , LCD masalah setelah pemakaian 1.5tahun,  di ganti full uang kembali 100%  karna stok tidak tersedia utk penggantian upgrade ke 13T",2024-10-16T09:10:25Z,0,Xiaomi 14T,Xiaomi,Flagship,September 2024,Positive
@azizalgazalianggara1979,Bodo amat soal design,2024-10-16T07:32:40Z,0,Xiaomi 14T,Xiaomi,Flagship,September 2024,Neutral
@GhifariNaufall,Mantap..,2024-10-16T06:29:50Z,1,Xiaomi 14T,Xiaomi,Flagship,September 2024,Positive
@ynatalia5878,"jujur malah suka design yg ini karena lebih sleek n rapi aja, cari kamera nya juga tapi ternyata asih kurang ya buat video nya. masih tipikal xiaomi tapi seenggaknya ga sepecah iphone lah",2024-10-16T05:31:07Z,0,Xiaomi 14T,Xiaomi,Flagship,September 2024,Positive
@bagassenju6224,"Nontonya pake poco F5, eh kayaknya lebih bagus ambil xiomi 13T/14T ğŸ˜¢",2024-10-16T00:55:05Z,0,Xiaomi 14T,Xiaomi,Flagship,September 2024,Positive
@AnNisak-n7f,8:50 Xiaomi keliatan berani ngasih lebih buat usernya yg mau bayar lebih -david gadgetin,2024-10-16T00:00:14Z,1,Xiaomi 14T,Xiaomi,Flagship,September 2024,Positive
@muliana7240,Masih bertahan di 13T sih,2024-10-15T14:02:04Z,0,Xiaomi 14T,Xiaomi,Flagship,September 2024,Neutral
@RevanaskaCandra,Semoga bisa kebeli,2024-10-15T11:37:22Z,0,Xiaomi 14T,Xiaomi,Flagship,September 2024,Positive
@bimaduta3056,Desainnya masih bagusan 13T malah,2024-10-15T10:48:04Z,0,Xiaomi 14T,Xiaomi,Flagship,September 2024,Negative
@zulfines850,Semoga yang ingin beli hp baru diberi keluasan rezeki...aamiin,2024-10-15T10:10:39Z,0,Xiaomi 14T,Xiaomi,Flagship,September 2024,Positive
@Meongyt212,Nunggu hrga 1jt,2024-10-15T05:07:48Z,0,Xiaomi 14T,Xiaomi,Flagship,September 2024,Neutral
@FaJryJry-w3l,12T 13T kmrin banyak isu kena green line smoga 14T amanÂ² aja,2024-10-15T02:29:53Z,0,Xiaomi 14T,Xiaomi,Flagship,September 2024,Negative
@user-mingse,Garansi xiomi ribet xiomi 12t  punyaku yang green line masih garansi tapi di persulit...,2024-10-15T02:00:49Z,0,Xiaomi 14T,Xiaomi,Flagship,September 2024,Negative
@BurungHantu-d1y,akhirnya,2024-10-15T00:57:38Z,0,Xiaomi 14T,Xiaomi,Flagship,September 2024,Positive
@OPSEKOL4H,M.A.N.T.A.P,2024-10-14T19:06:16Z,0,Xiaomi 14T,Xiaomi,Flagship,September 2024,Positive
@Tarzan703,"Nunggu poco 15 promag aja lah,, ini modul kamera nya udah pasaran",2024-10-14T18:27:13Z,0,Xiaomi 14T,Xiaomi,Flagship,September 2024,Negative
@rhea11may22,"Waduhhh baru sebulan m6pro.
Ada tmbhn 2'5jt.
Hmmm...ini keluar..
Mau jual tp istri ga mau gonta gnti.",2024-10-14T17:29:07Z,0,Xiaomi 14T,Xiaomi,Flagship,September 2024,Neutral
@CSGAMING1997,"Design Android sama semua model persegi panjang jadinya bosan, iPhone designnya membulat lebih mewah diliatnya",2024-10-14T10:12:34Z,0,Xiaomi 14T,Xiaomi,Flagship,September 2024,Neutral
@jefrizubir2310,Warna apa tu mas..titan grey ya,2024-10-14T09:19:59Z,0,Xiaomi 14T,Xiaomi,Flagship,September 2024,Neutral
@AryaJona,"10:38 disini 14 t pro lebih tajam di warna kuahnya, tapi warna makanannya lebih keluar di 14t
10:40 disini juga 14 t pro lebih hijau rumputnya, 14 t lebih pucat sedikit",2024-10-14T08:19:00Z,0,Xiaomi 14T,Xiaomi,Flagship,September 2024,Negative
@Loremipsum0029,AMPAS ğŸ˜‚,2024-10-14T07:45:41Z,0,Xiaomi 14T,Xiaomi,Flagship,September 2024,Negative
@lutfi2072,"Alhamdulillah semalem udah kebeli nih hp.. 
Kerennnnn",2024-10-14T07:40:53Z,0,Xiaomi 14T,Xiaomi,Flagship,September 2024,Positive
@realnazo617,Alhamdulillah akhirnya kebeli .,2024-10-14T06:48:46Z,0,Xiaomi 14T,Xiaomi,Flagship,September 2024,Positive
@dwiangkling7351,"Kurang suka sama desainnya kameranya,udah terlalu bnyk modelnya yg kya gitu",2024-10-14T06:47:52Z,0,Xiaomi 14T,Xiaomi,Flagship,September 2024,Negative
@FitrahG,"aneh banget desain hp xiaomi kali ini, terlihat malas mendesain

ayo xiaomi lebih fokus lagi",2024-10-14T06:30:42Z,0,Xiaomi 14T,Xiaomi,Flagship,September 2024,Negative
@clopicloo8378,"Xiaomi ketika ngurus hp:ğŸ˜ğŸ˜
Xiaomi ketika ngurus monitor:ğŸ¤¡ğŸ¤¡",2024-10-14T06:23:42Z,0,Xiaomi 14T,Xiaomi,Flagship,September 2024,Positive
@YaniLasahido,Bagus,2024-10-14T04:23:36Z,0,Xiaomi 14T,Xiaomi,Flagship,September 2024,Positive
@laksamanaagung698,Xiaomi dan bbk kenapa ya design kameranya bikin malas semua ğŸ¤£. Gak ada sedap2 nya dipandang mata.,2024-10-14T03:59:31Z,0,Xiaomi 14T,Xiaomi,Flagship,September 2024,Negative
@rauliashintya8029,Mending poco f6 kalo gitu mahğŸ˜‚,2024-10-14T03:22:26Z,0,Xiaomi 14T,Xiaomi,Flagship,September 2024,Negative
@shop_ping200,"14t series bagus disemua sisi ada iP68 mesin getar yg solid, layar 144hz bezel simetris, ada e-sim, kamera pun koleb dgn LeicağŸ‘",2024-10-14T02:13:56Z,0,Xiaomi 14T,Xiaomi,Flagship,September 2024,Positive
@badface9358,"Menurut saja design kamera nya bukan kurang lagi tapi JELEK bgttt, jauh bgt dibanding 13T",2024-10-13T23:36:35Z,0,Xiaomi 14T,Xiaomi,Flagship,September 2024,Negative
@yssctmr87,Xiaomi group tahun ini model hpnya kureng semua. Apalagi series 14 dri Mi sampe redmi notenya waduh nggak ngelirik dulu lah,2024-10-13T17:28:53Z,0,Xiaomi 14T,Xiaomi,Flagship,September 2024,Negative
@reynalrp,Titanium keren bang,2024-10-13T16:44:34Z,0,Xiaomi 14T,Xiaomi,Flagship,September 2024,Positive
@masdonsabugzline3454,Apalah daya. Cm bs nonton vid ini pake ip 13 jadul...ğŸ™ğŸ˜,2024-10-13T16:29:40Z,0,Xiaomi 14T,Xiaomi,Flagship,September 2024,Neutral
@ianembenk9459,Kenapa lebih bagus Redmi Note 14 Pro Plus desain nya ğŸ¤”,2024-10-13T15:00:01Z,1,Xiaomi 14T,Xiaomi,Flagship,September 2024,Negative
@putrajati6997,Model camera nya jauh lebih bagus yang 13,2024-10-13T14:17:54Z,0,Xiaomi 14T,Xiaomi,Flagship,September 2024,Negative
