author;comment;sentimen;timestamp;like_count;tipe_produk;brand;segment;release_date;;;;;;;;;;;;;;;;;;
@NEVER-EX1STED;Kepo banget gw , kuat main game pou gak;netral;2024-11-16T18:26:15Z;0;Xiaomi 15;Xiaomi;Flagship;2025;;;;;;;;;;;;;;;;;;
@vaultboy8977;Itu yg belakang kok lensanya kyk ada 4.. tpi katanya triple camera, terus yg 1 itu apa?;netral;2024-11-16T13:26:18Z;0;Xiaomi 15;Xiaomi;Flagship;2025;;;;;;;;;;;;;;;;;;
@muhammadreza7177;kameranya duh ampun ko;netral;2024-11-12T15:54:12Z;0;Xiaomi 15;Xiaomi;Flagship;2025;;;;;;;;;;;;;;;;;;
@mhdrizky9174;Mnding dimensity di vivo??;negatif;2024-11-12T12:06:31Z;0;Xiaomi 15;Xiaomi;Flagship;2025;;;;;;;;;;;;;;;;;;
@foxtrotsix1334;Semua akan xiaomi pada waktu nye;positif;2024-11-12T11:47:29Z;0;Xiaomi 15;Xiaomi;Flagship;2025;;;;;;;;;;;;;;;;;;
@aryyudianto2169;Belinya nunggu THR cair??;netral;2024-11-12T08:07:21Z;0;Xiaomi 15;Xiaomi;Flagship;2025;;;;;;;;;;;;;;;;;;
@gussurya2805;Sebagai pengguna Xiaomi 14 saya rasa jangan upgrade dulu lah??;negatif;2024-11-12T06:44:41Z;0;Xiaomi 15;Xiaomi;Flagship;2025;;;;;;;;;;;;;;;;;;
@arifinabdul3965;gokil sampe 4 lebih Ghz;positif;2024-11-11T19:30:39Z;0;Xiaomi 15;Xiaomi;Flagship;2025;;;;;;;;;;;;;;;;;;
@dwisahrulsetiawan4840;Bandinging x14 dg x15 bang .. rencana mau upgrade kalo emang upgrade nya kerasa banyak.;netral;2024-11-11T14:39:54Z;0;Xiaomi 15;Xiaomi;Flagship;2025;;;;;;;;;;;;;;;;;;
@cmfad7427;Xiaomi 15 Ultra kunantikan Feb 2025???;negatif;2024-11-11T13:56:11Z;0;Xiaomi 15;Xiaomi;Flagship;2025;;;;;;;;;;;;;;;;;;
@Wahyu98nada;Sama redmi 14T Bagus mana koh???;netral;2024-11-10T16:05:55Z;0;Xiaomi 15;Xiaomi;Flagship;2025;;;;;;;;;;;;;;;;;;
@jojonprabusirna8516;14t baru nongol , ujug2 ada yg 15 ?? deuh makin bingung mau yg mana;netral;2024-11-10T13:00:19Z;0;Xiaomi 15;Xiaomi;Flagship;2025;;;;;;;;;;;;;;;;;;
@DeanEkadanta;baru rencana beli 14T pro,, 15 udah direview hahaha;netral;2024-11-10T12:55:37Z;0;Xiaomi 15;Xiaomi;Flagship;2025;;;;;;;;;;;;;;;;;;
@ikifebriyan;"udah mah beli udah okeh banget eh penyimpanan cuma 256gb sayang aja gitu hp belasan jt cuma dapet 256??
akhirnya beli iqoo 12";negatif;2024-11-10T11:06:21Z;1;Xiaomi 15;Xiaomi;Flagship;2025;;;;;;;;;;;;;;;;;;
@MeongOyenBar2;Hardware udah bagus tp desain belakangnya msh ga banget. Ayo donk jgn hanya riset di hardware n software aja, desain juga di riset;negatif;2024-11-09T02:55:15Z;0;Xiaomi 15;Xiaomi;Flagship;2025;;;;;;;;;;;;;;;;;;
@sho_tv;Xiaomi bagus, tapi iklan?;netral;2024-11-08T15:28:40Z;0;Xiaomi 15;Xiaomi;Flagship;2025;;;;;;;;;;;;;;;;;;
@ninjasamurai6094;sebel xiaomi after sales service nya jelek banget, dulu pakai xiaomi. sekarang gak lagi.;negatif;2024-11-08T14:38:18Z;0;Xiaomi 15;Xiaomi;Flagship;2025;;;;;;;;;;;;;;;;;;
@RahmatJuniHaryanto3R;walaupun beda usia, mending S23 gak sih? kalau ukuran compactnya dapat banget terus harga mirip2;negatif;2024-11-08T12:04:05Z;0;Xiaomi 15;Xiaomi;Flagship;2025;;;;;;;;;;;;;;;;;;
@GuideFs;Video malam pake 60fps aja bg biar ilang jitternya;netral;2024-11-08T10:01:49Z;0;Xiaomi 15;Xiaomi;Flagship;2025;;;;;;;;;;;;;;;;;;
@TrisnoDevinisi;Harga berapa;netral;2024-11-08T09:39:07Z;0;Xiaomi 15;Xiaomi;Flagship;2025;;;;;;;;;;;;;;;;;;
@riszalandriyanto1021;Semoga gak seperti xiaomi 14 yang kebagian kamera ngembun;netral;2024-11-08T08:29:10Z;0;Xiaomi 15;Xiaomi;Flagship;2025;;;;;;;;;;;;;;;;;;
@newmemes999;Siippp, udah jadi salah satu daftar hp impian yang ke 21;positif;2024-11-08T05:51:48Z;2;Xiaomi 15;Xiaomi;Flagship;2025;;;;;;;;;;;;;;;;;;
@sabrinadwigu7788;berapa harga;netral;2024-11-08T05:33:30Z;0;Xiaomi 15;Xiaomi;Flagship;2025;;;;;;;;;;;;;;;;;;
@TairaEndless;Segini dibilang compact ya? Kalau Zenfone 10, Galaxy S23, S24, itu apa dong?;netral;2024-11-08T01:46:00Z;0;Xiaomi 15;Xiaomi;Flagship;2025;;;;;;;;;;;;;;;;;;
@victorparetta9942;masih dibantai mediatek dimensity 9400??????;netral;2024-11-08T00:58:25Z;0;Xiaomi 15;Xiaomi;Flagship;2025;;;;;;;;;;;;;;;;;;
@cahyoh.harimurti8554;Keren. Tapi bentuk dan spek masih relatif ga jauh beda dgn Xiaomi 14. Jadi kali ini skip dulu, masih sayang pake Xiaomi 14.;negatif;2024-11-07T15:37:09Z;0;Xiaomi 15;Xiaomi;Flagship;2025;;;;;;;;;;;;;;;;;;
@zal7289;Hp premium dari xiaomi.. Otw jual iphone dan beli ini.;positif;2024-11-07T14:17:26Z;0;Xiaomi 15;Xiaomi;Flagship;2025;;;;;;;;;;;;;;;;;;
@rahmanyt1812;Hp idaman Xiaomi 15 pro , amin ?? siap2 nabung lagi ? (iPhone keuntungan gede, bayar pajak sulit ??);positif;2024-11-07T13:48:43Z;0;Xiaomi 15;Xiaomi;Flagship;2025;;;;;;;;;;;;;;;;;;
@wisnuardian18;Duh bimbang,nabung buat xiaomi 14 apa yang 15 ????;positif;2024-11-07T13:27:16Z;1;Xiaomi 15;Xiaomi;Flagship;2025;;;;;;;;;;;;;;;;;;
@YB-sv2tb;Bg main game nyaman gk dg ukuran segitu ?;netral;2024-11-07T12:27:10Z;0;Xiaomi 15;Xiaomi;Flagship;2025;;;;;;;;;;;;;;;;;;
@zoku5151;lagi pake yang xiaomi 14, jujur puas bgt apalagi udah di oprek posisi di elite hyper rom. kamera nya bagus bgt walaupun harus mainin ev dikit kalo di low light, yg agak deal breaker sih ultrawidenya blm auto focus, pindah dari xiaomi mi 11 ultra yg ada auto focus agak kerasa bedanya. berharap yg 15 reguler ada autofocus ternyata masih blm ada yg varian biasa ??;netral;2024-11-07T12:09:37Z;1;Xiaomi 15;Xiaomi;Flagship;2025;;;;;;;;;;;;;;;;;;
@asaneketo-w1k;"desain kameranya kureng
lebih bagus vivo x200 mini";negatif;2024-11-07T10:36:14Z;0;Xiaomi 15;Xiaomi;Flagship;2025;;;;;;;;;;;;;;;;;;
@mehmedas1894;Belum 14 punya dah muncul aja 15 Xioami;netral;2024-11-07T09:13:58Z;0;Xiaomi 15;Xiaomi;Flagship;2025;;;;;;;;;;;;;;;;;;
@ArisAris-bz2dx;Tetap minim kalo ga dual speacker.. He ha he..;negatif;2024-11-07T08:49:01Z;0;Xiaomi 15;Xiaomi;Flagship;2025;;;;;;;;;;;;;;;;;;
@campursarimania;masih setia dengan MTK sejak Cross A7* Andromeda;negatif;2024-11-07T07:33:05Z;1;Xiaomi 15;Xiaomi;Flagship;2025;;;;;;;;;;;;;;;;;;
@Joyaslam7788;lgi review HP kentang;negatif;2024-11-07T03:50:24Z;0;Xiaomi 15;Xiaomi;Flagship;2025;;;;;;;;;;;;;;;;;;
@tamago_yaki;Lagi galau mau beli xiaomi 14, 14t, 14pro.. tiba2 muncul xiaomi 15 jirlah;positif;2024-11-07T03:42:50Z;0;Xiaomi 15;Xiaomi;Flagship;2025;;;;;;;;;;;;;;;;;;
@comfortproduction;Nah ini;netral;2024-11-06T22:12:01Z;0;Xiaomi 15;Xiaomi;Flagship;2025;;;;;;;;;;;;;;;;;;
@faturrahmanfadil8061;Link beli xiaomi 15 nya mana bg, tertarik juga nih buat beli;positif;2024-11-06T16:15:41Z;0;Xiaomi 15;Xiaomi;Flagship;2025;;;;;;;;;;;;;;;;;;
@egaadhita5921;Kalau hp ini dan vivo X200 pro mini masuk Indonesia, gw akan dengan senang hati beralih dari ip 15 ??;positif;2024-11-06T15:44:41Z;0;Xiaomi 15;Xiaomi;Flagship;2025;;;;;;;;;;;;;;;;;;
@diahkusumahartina7075;Wah ada warna putihnya ??;positif;2024-11-06T14:07:11Z;0;Xiaomi 15;Xiaomi;Flagship;2025;;;;;;;;;;;;;;;;;;
@panggil_ajamarr;mending beli xiaomi 14tpro sekarang atau nunggu xiaomi 15 rilis di indo?;netral;2024-11-06T12:36:56Z;0;Xiaomi 15;Xiaomi;Flagship;2025;;;;;;;;;;;;;;;;;;
@tipsseputarcaracepatkaya9951;3:07 Xiaomi 15 terlihat lebih TINGGI KIRIS.;netral;2024-11-06T11:45:32Z;0;Xiaomi 15;Xiaomi;Flagship;2025;;;;;;;;;;;;;;;;;;
@BrainRaises;Mau beli, tapi kayaknya nunggu xoaomi 16 aja deh;negatif;2024-11-06T11:27:20Z;0;Xiaomi 15;Xiaomi;Flagship;2025;;;;;;;;;;;;;;;;;;
@LiuqiLiuqi;GG sih ini HP idaman ??;positif;2024-11-06T09:17:29Z;1;Xiaomi 15;Xiaomi;Flagship;2025;;;;;;;;;;;;;;;;;;
@fahmimuhammad7606;anjir soundeffectnya rame bener bikin ga betah nonton wkwkw;negatif;2024-11-06T07:07:42Z;0;Xiaomi 15;Xiaomi;Flagship;2025;;;;;;;;;;;;;;;;;;
@bangscout_27;Xiaomi basicnya udah hp gaming;netral;2024-11-06T06:55:35Z;0;Xiaomi 15;Xiaomi;Flagship;2025;;;;;;;;;;;;;;;;;;
@angidou792;Aduh model kameranya kayak kompor 4 tungku;negatif;2024-11-06T06:51:33Z;0;Xiaomi 15;Xiaomi;Flagship;2025;;;;;;;;;;;;;;;;;;
@bangscout_27;Apa perbedaan antara xiaomi 15 pro sama xiaomi 15 ultra?;netral;2024-11-06T06:44:46Z;0;Xiaomi 15;Xiaomi;Flagship;2025;;;;;;;;;;;;;;;;;;
@ElgiPrayogi-fe1qu;Gw liat harga Xiaomi 15 di tokped 15jt;netral;2024-11-06T06:42:10Z;0;Xiaomi 15;Xiaomi;Flagship;2025;;;;;;;;;;;;;;;;;;
@FirzhaY;"Masih gaterima Snap 8 Elite ini, Clock speednya ngalahin Ryzen 7 5000 Seriesku??

Walau cuma beda tipis sih, 4.3Ghz vs 4.32Ghz, mau ngalahin PC nih mereka wkwk";negatif;2024-11-06T05:48:02Z;0;Xiaomi 15;Xiaomi;Flagship;2025;;;;;;;;;;;;;;;;;;
@huseinmuhammad9741;Untuk microphone wireless nya gmn Ko? Apakah suaranya mendem kena reduction seperti di xm 14 atau uda fix jernih?;netral;2024-11-06T05:42:42Z;0;Xiaomi 15;Xiaomi;Flagship;2025;;;;;;;;;;;;;;;;;;
@aditsyah9013;Untung ngg kaya 14 t seies??;positif;2024-11-06T05:29:50Z;0;Xiaomi 15;Xiaomi;Flagship;2025;;;;;;;;;;;;;;;;;;
@edzen6122;camera nya bner2 bagus pake banget2;positif;2024-11-06T03:08:06Z;0;Xiaomi 15;Xiaomi;Flagship;2025;;;;;;;;;;;;;;;;;;
@Cristiano_07_98;Mau jual supra bapak pun...ttp gk kebeli hp ini??????;negatif;2024-11-06T02:46:30Z;0;Xiaomi 15;Xiaomi;Flagship;2025;;;;;;;;;;;;;;;;;;
@rifaifai2587;Ni hp melaju kedepan;positif;2024-11-06T02:41:24Z;0;Xiaomi 15;Xiaomi;Flagship;2025;;;;;;;;;;;;;;;;;;
@diegojehezkiel;Maih tetap Samsung di hati.;negatif;2024-11-06T02:20:44Z;0;Xiaomi 15;Xiaomi;Flagship;2025;;;;;;;;;;;;;;;;;;
@yie2931;"kira"" nanti brapa ya hargaxa";netral;2024-11-06T02:03:50Z;0;Xiaomi 15;Xiaomi;Flagship;2025;;;;;;;;;;;;;;;;;;
@KoswaraVerstappen;buseh, 14 aja belum kebeli. ini udah mau keluar 15.;netral;2024-11-06T02:03:01Z;0;Xiaomi 15;Xiaomi;Flagship;2025;;;;;;;;;;;;;;;;;;
@noverdyerfianto9676;Untung belom beli Xiaomi 14..nunggu ini aja deh?? lebih mantap kayaknya;positif;2024-11-06T01:32:56Z;0;Xiaomi 15;Xiaomi;Flagship;2025;;;;;;;;;;;;;;;;;;
@arangitem5468;Wah gila sih ini 2x 4 Ghz tapi dingin ??;positif;2024-11-05T23:49:42Z;0;Xiaomi 15;Xiaomi;Flagship;2025;;;;;;;;;;;;;;;;;;
@gankz217;Kapan nih rilis di Indonesia Xiaomi 15.?;netral;2024-11-05T23:00:27Z;0;Xiaomi 15;Xiaomi;Flagship;2025;;;;;;;;;;;;;;;;;;
@Andrew-fx5js;"Bayangin kalo xiaomi ga pake HyperOS/miui??
Pake stock rom android, atau apa kek anj asal ga HyperOS/MIUI.

(Ga ada rom yg lebih ampas dari HyperOS/MIUI)";netral;2024-11-05T22:53:34Z;0;Xiaomi 15;Xiaomi;Flagship;2025;;;;;;;;;;;;;;;;;;
@mnofrizal;Desainnnya gada beda sama x14 ??;negatif;2024-11-05T21:22:57Z;0;Xiaomi 15;Xiaomi;Flagship;2025;;;;;;;;;;;;;;;;;;
@wakkeling5453;4:08 apapun chipsetnya,kalo pake hyperOs pasti hape puanas,batre buoros ??????;negatif;2024-11-05T19:52:47Z;1;Xiaomi 15;Xiaomi;Flagship;2025;;;;;;;;;;;;;;;;;;
@adjiherlana2593;Semoga di bawah 5jt hehe;netral;2024-11-05T19:25:16Z;0;Xiaomi 15;Xiaomi;Flagship;2025;;;;;;;;;;;;;;;;;;
@ElHafidz-m8v;Masih tetap nunggu x200 pro launch di Indo... Lagi ngincer banget ni hp;negatif;2024-11-05T18:58:28Z;0;Xiaomi 15;Xiaomi;Flagship;2025;;;;;;;;;;;;;;;;;;
@YudaArimbawa;penyakit di kamera seri sebelumnya masih ada ga bang?? coba dong di test hehe;netral;2024-11-05T18:42:44Z;0;Xiaomi 15;Xiaomi;Flagship;2025;;;;;;;;;;;;;;;;;;
@verifyatna5334;keren sih sekarang hp2 android terutama brand cina, batrenya udah diatas 5000mah. bahkan rilmi gt 7 pro aja 6500mah dgn layar 6.7inch meanwhile aipon 6.9inch batre ga sampe 5000mah ha ha ha ha. udah gitu BH nya gampang bgt nurun ha ha ha;netral;2024-11-05T18:42:28Z;0;Xiaomi 15;Xiaomi;Flagship;2025;;;;;;;;;;;;;;;;;;
@abbieghazali;Designnya bosen;negatif;2024-11-05T18:32:56Z;0;Xiaomi 15;Xiaomi;Flagship;2025;;;;;;;;;;;;;;;;;;
@SunceD.monkey;Kamera masih ber embun kaga bang?;netral;2024-11-05T18:29:16Z;0;Xiaomi 15;Xiaomi;Flagship;2025;;;;;;;;;;;;;;;;;;
@jeckoIchi170896;Seperti biasa 256;negatif;2024-11-05T18:05:28Z;0;Xiaomi 15;Xiaomi;Flagship;2025;;;;;;;;;;;;;;;;;;
@Maximalistt;Kamera nya makin bagus aja Xiaomi.. gokil;positif;2024-11-05T17:20:22Z;0;Xiaomi 15;Xiaomi;Flagship;2025;;;;;;;;;;;;;;;;;;
@AgusRustiani-uh2wg;Cakep bet bezzelnya sayangnya masih ada satu titik kamera, kamera underdisplay ga tau tuh gimana nasibnya ??;netral;2024-11-05T16:53:05Z;0;Xiaomi 15;Xiaomi;Flagship;2025;;;;;;;;;;;;;;;;;;
@sva07;duh ngiler, tp lg bokek;positif;2024-11-05T16:50:51Z;1;Xiaomi 15;Xiaomi;Flagship;2025;;;;;;;;;;;;;;;;;;
@afan_afa;Perpindahan kamera nya kok masih patah”;negatif;2024-11-05T16:36:39Z;0;Xiaomi 15;Xiaomi;Flagship;2025;;;;;;;;;;;;;;;;;;
@wewegombellreload;Kualitas audionya terlupakan ??;negatif;2024-11-05T16:28:41Z;0;Xiaomi 15;Xiaomi;Flagship;2025;;;;;;;;;;;;;;;;;;
@ukhtihij_up3531;Kaum mendang mending wort it gak beli hp ini??????;netral;2024-11-05T16:24:30Z;0;Xiaomi 15;Xiaomi;Flagship;2025;;;;;;;;;;;;;;;;;;
@titosasmi8264;Gak ada yg permasalahanin model kameranya ini, padahal mirip kaya 14t;negatif;2024-11-05T16:12:08Z;0;Xiaomi 15;Xiaomi;Flagship;2025;;;;;;;;;;;;;;;;;;
@massefri;Harga berapa ekang xiaomi 15;netral;2024-11-05T16:09:01Z;0;Xiaomi 15;Xiaomi;Flagship;2025;;;;;;;;;;;;;;;;;;
@MikoTiki-r8g;Aduuh model kamera belakangnya enggak banget ??;negatif;2024-11-05T16:07:52Z;0;Xiaomi 15;Xiaomi;Flagship;2025;;;;;;;;;;;;;;;;;;
@egisparta0819;Knp sampe skrang xiaomi ga bis hadle jitter di video low light nya yak. Kecewa??;negatif;2024-11-05T15:40:40Z;0;Xiaomi 15;Xiaomi;Flagship;2025;;;;;;;;;;;;;;;;;;
@rohmanyusuf-tdr;3:09 tingginya di bawah 155 keren si;positif;2024-11-05T15:38:19Z;0;Xiaomi 15;Xiaomi;Flagship;2025;;;;;;;;;;;;;;;;;;
@syalsyahsyafaath;Takut si masalah matot gara gara cooling sistem nya;negatif;2024-11-05T15:35:41Z;0;Xiaomi 15;Xiaomi;Flagship;2025;;;;;;;;;;;;;;;;;;
@Yoshimura_69;Gilak. Ngeri kali chipsetnya ??;positif;2024-11-05T15:32:49Z;0;Xiaomi 15;Xiaomi;Flagship;2025;;;;;;;;;;;;;;;;;;
@MuhammadIqbal-yl2rj;Tentang charging nya ga di bahas bang? Wireless charging nya katanya magnetic ya? Padahal itu fitur menarik banget loh;netral;2024-11-05T15:25:32Z;0;Xiaomi 15;Xiaomi;Flagship;2025;;;;;;;;;;;;;;;;;;
@imranrosadi6004;Busett dah kameranya menurutku jauh banget peningkatannya;positif;2024-11-05T15:10:33Z;0;Xiaomi 15;Xiaomi;Flagship;2025;;;;;;;;;;;;;;;;;;
@YuniBrilink;Belum worth it untuk upgrade kalau gitu..;negatif;2024-11-05T14:54:17Z;0;Xiaomi 15;Xiaomi;Flagship;2025;;;;;;;;;;;;;;;;;;
@entegaming10;Busssett gahar tapi adem...gila sih ini;positif;2024-11-05T14:36:08Z;0;Xiaomi 15;Xiaomi;Flagship;2025;;;;;;;;;;;;;;;;;;
@RadenFikiYT;Ciri khas baru mungkin xiaomi kamere kotak gitu;netral;2024-11-05T14:21:17Z;0;Xiaomi 15;Xiaomi;Flagship;2025;;;;;;;;;;;;;;;;;;
@a.rider1026;Wah boleh juga nih Xiaomi 15 buat temenin Xiaomi 13T ??;positif;2024-11-05T14:07:30Z;5;Xiaomi 15;Xiaomi;Flagship;2025;;;;;;;;;;;;;;;;;;
@royadinglibir7236;Gila layar isi ny layar semua,full power;positif;2024-11-05T13:50:08Z;0;Xiaomi 15;Xiaomi;Flagship;2025;;;;;;;;;;;;;;;;;;
@fathul5;Chipsetnya terlalu OP cuma buat maen Genshin??????;negatif;2024-11-05T13:46:18Z;0;Xiaomi 15;Xiaomi;Flagship;2025;;;;;;;;;;;;;;;;;;
@garudakenzhieraffles8144;ya Allah nabung buat Xiaomi 14ultra adj baru dapat separo eh dah muncul Xiaomi 15?? gimana nich;netral;2024-11-05T13:10:35Z;0;Xiaomi 15;Xiaomi;Flagship;2025;;;;;;;;;;;;;;;;;;
@Jooo_Short;"Sejauh itu kah turun harganya 
Kemarin pas Xiaomi 14 rilis 
Harganya bisa 14juta 
Yang varian 8/256 

Kok skrng beda jauh banget perbandingan harga nya";negatif;2024-11-05T13:09:16Z;0;Xiaomi 15;Xiaomi;Flagship;2025;;;;;;;;;;;;;;;;;;
@darkerhertkko;"Wajib cooler sih ini chipset baru
Dengan tenaga nya yg ga bisa santai, jangan harap bisa adem 
Sayangi mobo nya ??";negatif;2024-11-05T12:57:28Z;1;Xiaomi 15;Xiaomi;Flagship;2025;;;;;;;;;;;;;;;;;;
@HalimaFaryato;Masih setia mau upgrade ke vivo x 200 pro sekarang udah pake 14 t pro;negatif;2024-11-05T12:55:25Z;0;Xiaomi 15;Xiaomi;Flagship;2025;;;;;;;;;;;;;;;;;;
@budipristel8083;Lebih smooth vivo x200 kayakny klo soal perpindahan antar kamera;negatif;2024-11-05T12:52:21Z;0;Xiaomi 15;Xiaomi;Flagship;2025;;;;;;;;;;;;;;;;;;
@Guffonka;Hp mahal mahal tapi masih banyak iklan;negatif;2024-11-05T12:51:01Z;1;Xiaomi 15;Xiaomi;Flagship;2025;;;;;;;;;;;;;;;;;;
@agielindraatmajaya7326;kencang tp bentuk tidak menarik, dan napas naga bikin panas. hahahaha??;negatif;2024-11-05T12:50:56Z;0;Xiaomi 15;Xiaomi;Flagship;2025;;;;;;;;;;;;;;;;;;
@ghaliafra7142;Siap borong selusin;positif;2024-11-05T12:45:30Z;0;Xiaomi 15;Xiaomi;Flagship;2025;;;;;;;;;;;;;;;;;;
@Hiirham;semoga aja kedepannya banyak flagship yang compact lagi,kalo 6,7 ga masuk di kantong celana kaku buat ngelakuin hal ini itu;netral;2024-11-05T12:38:57Z;0;Xiaomi 15;Xiaomi;Flagship;2025;;;;;;;;;;;;;;;;;;
@dlyricsyt5501;Model kamera gitu lagi ??;netral;2024-11-05T12:37:42Z;0;Xiaomi 15;Xiaomi;Flagship;2025;;;;;;;;;;;;;;;;;;
@akagami.9383;Mantap bang hp impian ??;positif;2024-11-05T12:11:41Z;1;Xiaomi 15;Xiaomi;Flagship;2025;;;;;;;;;;;;;;;;;;
@ahmadkun69;Anjir desain cuma pindah lampu flash;negatif;2024-11-05T12:01:52Z;0;Xiaomi 15;Xiaomi;Flagship;2025;;;;;;;;;;;;;;;;;;
@Iamnotzayn;nah gini doong , BUKAN HP SEGEDE GABAN;positif;2024-11-05T12:01:38Z;0;Xiaomi 15;Xiaomi;Flagship;2025;;;;;;;;;;;;;;;;;;
@frasticadefana5819;Mending xiaomi bang??;positif;2024-11-05T11:57:12Z;0;Xiaomi 15;Xiaomi;Flagship;2025;;;;;;;;;;;;;;;;;;
@RKsatrian;NAKSIR SAMA VIVO X200 PRO MINI ??;negatif;2024-11-05T11:57:09Z;0;Xiaomi 15;Xiaomi;Flagship;2025;;;;;;;;;;;;;;;;;;
@pewangs;Ngeri gitu chipsetnya. Mau dong next tawuran chipset, tambahin test emulation (yg udah punya gamenya aja, di platform lain supaya tidak terkesan membajak??);positif;2024-11-05T11:55:28Z;0;Xiaomi 15;Xiaomi;Flagship;2025;;;;;;;;;;;;;;;;;;
@ivanjonesaditya;"Gila, hp skrg batrenya makin gede tapi body tetep tipis, compact layar juga bezzelnya tipis
Keren sih perkembangan gadget ditahun ini";positif;2024-11-05T11:53:16Z;0;Xiaomi 15;Xiaomi;Flagship;2025;;;;;;;;;;;;;;;;;;
@awings.chanel;Suka bentuk compact nya... Semoga ada pesaing hp kecil seperti asus;positif;2024-11-05T11:51:37Z;0;Xiaomi 15;Xiaomi;Flagship;2025;;;;;;;;;;;;;;;;;;
@ibamm746;Gila ini xiaomi cui, saingan berat ni sma brand sebelah.. maen genshin cuman dpt suhu 41.. termasuknya masi adem...;positif;2024-11-05T11:36:40Z;0;Xiaomi 15;Xiaomi;Flagship;2025;;;;;;;;;;;;;;;;;;
@sky-gk1wx;kenapa design kompornya di pertahankan;negatif;2024-11-05T11:27:53Z;0;Xiaomi 15;Xiaomi;Flagship;2025;;;;;;;;;;;;;;;;;;
@Kangoday912;Bagus bgt cameranya;positif;2024-11-05T11:22:08Z;0;Xiaomi 15;Xiaomi;Flagship;2025;;;;;;;;;;;;;;;;;;
@esapebriansa7935;Mantap..... ????;positif;2024-11-05T10:59:16Z;0;Xiaomi 15;Xiaomi;Flagship;2025;;;;;;;;;;;;;;;;;;
@mistycalglory99;hp yg d tunggu2,,??;positif;2024-11-05T10:57:12Z;0;Xiaomi 15;Xiaomi;Flagship;2025;;;;;;;;;;;;;;;;;;
@User-pc3000;seperti biasa +, harga akan naik 20%;netral;2024-11-05T10:52:39Z;0;Xiaomi 15;Xiaomi;Flagship;2025;;;;;;;;;;;;;;;;;;
@imamfaozi933;Banyak iklanya ngga koh?;netral;2024-11-05T10:51:46Z;0;Xiaomi 15;Xiaomi;Flagship;2025;;;;;;;;;;;;;;;;;;
@gardianachannel8307;Kompor 4 tungku ??;negatif;2024-11-05T10:31:39Z;0;Xiaomi 15;Xiaomi;Flagship;2025;;;;;;;;;;;;;;;;;;
@WisnuVlog-yw2ed;Mantap bang;positif;2024-11-05T10:30:37Z;0;Xiaomi 15;Xiaomi;Flagship;2025;;;;;;;;;;;;;;;;;;
@sweetpotato3910;Gila 16GB / 1TB cuma 12 juta?? kalau di sumsang sama si buah itu harganya bisa 20 jutaan????;positif;2024-11-05T10:23:11Z;0;Xiaomi 15;Xiaomi;Flagship;2025;;;;;;;;;;;;;;;;;;
@LilacSeventen;"Anjir Xiaomi 15 makin edan aja nih, dgn bodi yg sama dgn Xiaomi 14 tp dgn kapasitas batere diatas 5000mAh ajib bener.
Jd nambah galau lg nih next mau up ke Vivo X200 Pro Mini atau Xiaomi 15 ?????
Kira² bakal ada isu kemera berembun lg ga ya di Xiaomi 15 ??";positif;2024-11-05T09:59:06Z;0;Xiaomi 15;Xiaomi;Flagship;2025;;;;;;;;;;;;;;;;;;
@davidariyan7915;Design yang tidak menarik, bagusan poco f5;negatif;2024-11-05T05:25:19Z;0;Xiaomi 15;Xiaomi;Flagship;2025;;;;;;;;;;;;;;;;;;
@setyaa4492;Mau belii;positif;2024-11-05T05:24:50Z;0;Xiaomi 15;Xiaomi;Flagship;2025;;;;;;;;;;;;;;;;;;
@yosuasitanggang5859;Mantepp, bakal masuk Indonesia gak koh?;positif;2024-11-05T05:24:15Z;0;Xiaomi 15;Xiaomi;Flagship;2025;;;;;;;;;;;;;;;;;;
@ogaladewaoga799;Keren;positif;2024-11-05T05:21:21Z;0;Xiaomi 15;Xiaomi;Flagship;2025;;;;;;;;;;;;;;;;;;
@Phi.solsol;Aaaaaaa mau hp Compact;positif;2024-11-05T05:20:40Z;0;Xiaomi 15;Xiaomi;Flagship;2025;;;;;;;;;;;;;;;;;;
@MasOne88;kameranya kemarin masih bagusan VIVO X200;negatif;2024-11-05T05:20:20Z;0;Xiaomi 15;Xiaomi;Flagship;2025;;;;;;;;;;;;;;;;;;
@rdanz7529;Mantap;positif;2024-11-05T05:05:42Z;0;Xiaomi 15;Xiaomi;Flagship;2025;;;;;;;;;;;;;;;;;;
;;;;;;;;;;;;;;;;;;;;;;;;;;
;;;;;;;;;;;;;;;;;;;;;;;;;;
;;;;;;;;;;;;;;;;;;;;;;;;;;
;;;;;;;;;;;;;;;;;;;;;;;;;;
;;;;;;;;;;;;;;;;;;;;;;;;;;
;;;;;;;;;;;;;;;;;;;;;;;;;;
;;;;;;;;;;;;;;;;;;;;;;;;;;
;;;;;;;;;;;;;;;;;;;;;;;;;;
;;;;;;;;;;;;;;;;;;;;;;;;;;
;;;;;;;;;;;;;;;;;;;;;;;;;;
;;;;;;;;;;;;;;;;;;;;;;;;;;
;;;;;;;;;;;;;;;;;;;;;;;;;;
;;;;;;;;;;;;;;;;;;;;;;;;;;
;;;;;;;;;;;;;;;;;;;;;;;;;;
;;;;;;;;;;;;;;;;;;;;;;;;;;
;;;;;;;;;;;;;;;;;;;;;;;;;;
;;;;;;;;;;;;;;;;;;;;;;;;;;
;;;;;;;;;;;;;;;;;;;;;;;;;;
;;;;;;;;;;;;;;;;;;;;;;;;;;
;;;;;;;;;;;;;;;;;;;;;;;;;;
;;;;;;;;;;;;;;;;;;;;;;;;;;
;;;;;;;;;;;;;;;;;;;;;;;;;;
;;;;;;;;;;;;;;;;;;;;;;;;;;
;;;;;;;;;;;;;;;;;;;;;;;;;;
;;;;;;;;;;;;;;;;;;;;;;;;;;
;;;;;;;;;;;;;;;;;;;;;;;;;;
;;;;;;;;;;;;;;;;;;;;;;;;;;
;;;;;;;;;;;;;;;;;;;;;;;;;;
;;;;;;;;;;;;;;;;;;;;;;;;;;
;;;;;;;;;;;;;;;;;;;;;;;;;;
;;;;;;;;;;;;;;;;;;;;;;;;;;
;;;;;;;;;;;;;;;;;;;;;;;;;;
;;;;;;;;;;;;;;;;;;;;;;;;;;
;;;;;;;;;;;;;;;;;;;;;;;;;;
;;;;;;;;;;;;;;;;;;;;;;;;;;
;;;;;;;;;;;;;;;;;;;;;;;;;;
;;;;;;;;;;;;;;;;;;;;;;;;;;
;;;;;;;;;;;;;;;;;;;;;;;;;;
;;;;;;;;;;;;;;;;;;;;;;;;;;
;;;;;;;;;;;;;;;;;;;;;;;;;;
;;;;;;;;;;;;;;;;;;;;;;;;;;
;;;;;;;;;;;;;;;;;;;;;;;;;;
;;;;;;;;;;;;;;;;;;;;;;;;;;
;;;;;;;;;;;;;;;;;;;;;;;;;;
;;;;;;;;;;;;;;;;;;;;;;;;;;
;;;;;;;;;;;;;;;;;;;;;;;;;;
;;;;;;;;;;;;;;;;;;;;;;;;;;
;;;;;;;;;;;;;;;;;;;;;;;;;;
;;;;;;;;;;;;;;;;;;;;;;;;;;
;;;;;;;;;;;;;;;;;;;;;;;;;;
;;;;;;;;;;;;;;;;;;;;;;;;;;
;;;;;;;;;;;;;;;;;;;;;;;;;;
;;;;;;;;;;;;;;;;;;;;;;;;;;
;;;;;;;;;;;;;;;;;;;;;;;;;;
;;;;;;;;;;;;;;;;;;;;;;;;;;
;;;;;;;;;;;;;;;;;;;;;;;;;;
;;;;;;;;;;;;;;;;;;;;;;;;;;
;;;;;;;;;;;;;;;;;;;;;;;;;;
;;;;;;;;;;;;;;;;;;;;;;;;;;
;;;;;;;;;;;;;;;;;;;;;;;;;;
;;;;;;;;;;;;;;;;;;;;;;;;;;
;;;;;;;;;;;;;;;;;;;;;;;;;;
;;;;;;;;;;;;;;;;;;;;;;;;;;
;;;;;;;;;;;;;;;;;;;;;;;;;;
;;;;;;;;;;;;;;;;;;;;;;;;;;
;;;;;;;;;;;;;;;;;;;;;;;;;;
;;;;;;;;;;;;;;;;;;;;;;;;;;
;;;;;;;;;;;;;;;;;;;;;;;;;;
;;;;;;;;;;;;;;;;;;;;;;;;;;
;;;;;;;;;;;;;;;;;;;;;;;;;;
;;;;;;;;;;;;;;;;;;;;;;;;;;
;;;;;;;;;;;;;;;;;;;;;;;;;;
;;;;;;;;;;;;;;;;;;;;;;;;;;
;;;;;;;;;;;;;;;;;;;;;;;;;;
;;;;;;;;;;;;;;;;;;;;;;;;;;
;;;;;;;;;;;;;;;;;;;;;;;;;;
;;;;;;;;;;;;;;;;;;;;;;;;;;
;;;;;;;;;;;;;;;;;;;;;;;;;;
;;;;;;;;;;;;;;;;;;;;;;;;;;
;;;;;;;;;;;;;;;;;;;;;;;;;;
;;;;;;;;;;;;;;;;;;;;;;;;;;
;;;;;;;;;;;;;;;;;;;;;;;;;;
;;;;;;;;;;;;;;;;;;;;;;;;;;
;;;;;;;;;;;;;;;;;;;;;;;;;;
;;;;;;;;;;;;;;;;;;;;;;;;;;
;;;;;;;;;;;;;;;;;;;;;;;;;;
;;;;;;;;;;;;;;;;;;;;;;;;;;
